<?xml version="1.0" encoding="UTF-8"?>

<!--
 DO NOT ALTER OR REMOVE COPYRIGHT NOTICES OR THIS HEADER.
 
 Copyright 1997-2007 Sun Microsystems, Inc. All rights reserved.
 
 The contents of this file are subject to the terms of either the GNU
 General Public License Version 2 only ("GPL") or the Common Development
 and Distribution License("CDDL") (collectively, the "License").  You
 may not use this file except in compliance with the License. You can obtain
 a copy of the License at https://glassfish.dev.java.net/public/CDDL+GPL.html
 or glassfish/bootstrap/legal/LICENSE.txt.  See the License for the specific
 language governing permissions and limitations under the License.
 
 When distributing the software, include this License Header Notice in each
 file and include the License file at glassfish/bootstrap/legal/LICENSE.txt.
 Sun designates this particular file as subject to the "Classpath" exception
 as provided by Sun in the GPL Version 2 section of the License file that
 accompanied this code.  If applicable, add the following below the License
 Header, with the fields enclosed by brackets [] replaced by your own
 identifying information: "Portions Copyrighted [year]
 [name of copyright owner]"
 
 Contributor(s):
 
 If you wish your version of this file to be governed by only the CDDL or
 only the GPL Version 2, indicate your decision by adding "[Contributor]
 elects to include this software in this distribution under the [CDDL or GPL
 Version 2] license."  If you don't indicate a single choice of license, a
 recipient has the option to distribute your version of this file under
 either the CDDL, the GPL Version 2 or to extend the choice of license to
 its licensees as provided above.  However, if you add GPL Version 2 code
 and therefore, elected the GPL Version 2 license, then the option applies
 only if the new code is made subject to such option by the copyright
 holder.
-->

<project name="JSF Dependencies" basedir="." xmlns:artifact="antlib:org.apache.maven.artifact.ant">

    <!-- 
        Current Dependencies
           HtmlUnit 2.4
           Cactus 1.3-1.7.1
           JUnit 3.8.1
           Taglibrary Document Generator 1.3
           Maven java.net repository importer 1.2
    -->

    <property name="dependency.base.dir" value="${jsf.build.home}/dependencies"/>
    <property name="dependency.jar.dir" value="${dependency.base.dir}/jars"/>
    <property name="junit.version" value="3.8.1"/>
    <property name="htmlunit.version" value="2.4"/>
    <property name="cactus.version" value="13-1.7.2"/>
    <!-- Note that if changing the Apache Commons versions
         you must also change the versions in the source loading code -->
    <property name="beanutils.version" value="1.6.1"/>
    <property name="digester.version" value="1.5"/>
    <property name="collections.version" value="2.1"/>
    <property name="logging.version" value="1.0.4"/>
    <property name="taglibdoc.version" value="1.3"/>
    <property name="jsdoc.version" value="2.0.2"/>
    <property name="servlet.api.version" value="2.5"/>
    <property name="newer.servlet.api.version" value="3.0"/>
    <property name="jsp.api.version" value="2.1"/>
    <property name="jstl.api.version" value="1.2"/>
    <property name="annotation.api.version" value="1.0"/>
    <property name="portlet.api.version" value="1.0"/>
    <property name="groovy.version" value="1.6.4"/>
    <property name="el.version" value="1.0"/>
    <property name="validation.version" value="1.0.0.GA" />
    <property name="bean-validator.version" value="3.0-JBoss-4.0.0.Beta3"/>
    <property name="maven.repository.importer.version" value="1.2"/>
    <property name="yuicompressor.version" value="2.4.2"/>

    <property name="redhat.maven2" value="http://repository.jboss.org/maven2"/>
    <!--<property name="maven2.mirror" value="http://mirrors.ibiblio.org/pub/mirrors/maven2"/>-->
    <property name="maven2.mirror" value="http://repo.exist.com/maven2/"/>
    <property name="java.net.maven" value="http://download.java.net/maven/1"/>
    <property name="java.net.maven2" value="http://download.java.net/maven/2"/>
    <property name="codehaus.maven" value="http://repository.codehaus.org"/>
    <property name="download.java.net" value="http://download.java.net/javaee5/external/shared"/>
    <property name="jboss.maven2" value="http://repository.jboss.com/maven2"/>

    <property name="junit.home" value="${dependency.base.dir}/junit${junit.version}"/>
    <property name="htmlunit.home" value="${dependency.base.dir}/htmlunit-${htmlunit.version}"/>
    <property name="cactus.home" value="${dependency.base.dir}/jakarta-cactus-${cactus.version}"/>
    <property name="beanutils.home" value="${dependency.base.dir}/commons-beanutils-${beanutils.version}"/>
    <property name="digester.home" value="${dependency.base.dir}/commons-digester-${digester.version}"/>
    <property name="collections.home" value="${dependency.base.dir}/commons-collections-${collections.version}"/>
    <property name="logging.home" value="${dependency.base.dir}/commons-logging-${logging.version}"/>
    <property name="taglibdoc.home" value="${dependency.base.dir}/taglibrarydoc-${taglibdoc.version}"/>
    <property name="jsdoc.home" value="${dependency.base.dir}/jsdoc_toolkit-${jsdoc.version}"/>
    <property name="maven.repository.importer.home"
              value="${dependency.base.dir}/maven-repository-importer-${maven.repository.importer.version}"/>
    <property name="servlet.home" value="${dependency.base.dir}/servlet-${servlet.api.version}"/>
    <property name="newer.servlet.home" value="${dependency.base.dir}/servlet-${newer.servlet.api.version}"/>
    <property name="jsp.home" value="${dependency.base.dir}/jsp-${jsp.api.version}"/>
    <property name="jstl.home" value="${dependency.base.dir}/jstl-${jstl.api.version}"/>
    <property name="annotation.home" value="${dependency.base.dir}/annotation-${annotation.api.version}"/>
    <property name="yuicompressor.home" value="${dependency.base.dir}/yuicompressor-${yuicompressor.version}"/>

    <property name="junit.jar" value="${dependency.jar.dir}/junit-${junit.version}.jar"/>
    <property name="htmlunit.jar" value="${dependency.jar.dir}/htmlunit-${htmlunit.version}.jar"/>
    <property name="commons-beanutils.jar" value="${dependency.jar.dir}/commons-beanutils-${beanutils.version}.jar"/>
    <property name="commons-digester.jar" value="${dependency.jar.dir}/commons-digester-${digester.version}.jar"/>
    <property name="commons-collections.jar" value="${dependency.jar.dir}/commons-collections-${collections.version}.jar"/>
    <property name="commons-logging.jar" value="${dependency.jar.dir}/commons-logging-${logging.version}.jar"/>
    <property name="yuicompressor.jar" value="${dependency.jar.dir}/yuicompressor.jar"/>
    <property name="tlddoc.jar" value="${dependency.jar.dir}/tlddoc-${taglibdoc.version}.jar"/>
    <property name="jsdoc.jar" value="${dependency.jar.dir}/jsdoc-${jsdoc.version}.jar"/>
    <property name="maven.repository.importer.jar"
              value="${dependency.jar.dir}/maven-repository-importer-${maven.repository.importer.version}.jar"/>
    <property name="servlet.jar" value="${dependency.jar.dir}/servlet-api-${servlet.api.version}.jar"/>
    <property name="servlet3.jar" value="${dependency.jar.dir}/servlet-api-${newer.servlet.api.version}.jar"/>
    <property name="jsp.jar" value="${dependency.jar.dir}/jsp-api-${jsp.api.version}.jar"/>
    <property name="el-api.jar" value="${dependency.jar.dir}/el-api-${el.version}.jar"/>
    <property name="el-impl.jar" value="${dependency.jar.dir}/el-impl-${el.version}.jar"/>
    <property name="jstl.jar" value="${dependency.jar.dir}/jstl-${jstl.api.version}.jar"/>
    <property name="annotation.jar" value="${dependency.jar.dir}/jsr250-api-${annotation.api.version}.jar"/>
    <property name="portlet.jar" value="${dependency.jar.dir}/portlet-api-${portlet.api.version}.jar"/>
    <property name="groovy.jar" value="${dependency.jar.dir}/groovy-all-${groovy.version}.jar"/>
    <property name="validation-api.jar" value="${dependency.jar.dir}/validation-api-1.0.0.GA.jar"/>
    <property name="glassfish.download.url" value="http://download.java.net/javaee5/v2ur1/promoted/"/>
    <property name="glassfish.installer.jar" value="glassfish-installer-v2ur1-b09d-"/>

    <!--  source build properties -->
    
    <property name="commons.logging.url" value="http://svn.apache.org/repos/asf/commons/proper/logging/tags/LOGGING_1_0_4/"/>
    <property name="commons.collections.url" value="http://svn.apache.org/repos/asf/commons/proper/collections/tags/COLLECTIONS_2_1/"/>
    <property name="commons.beanutils.url" value="http://svn.apache.org/repos/asf/commons/proper/beanutils/tags/BEANUTILS_1_6_1/"/>
    <property name="commons.digester.url" value="http://svn.apache.org/repos/asf/commons/proper/digester/tags/DIGESTER_1_5"/>

    <property name="commons.logging.name" value="commons-logging"/>
    <property name="commons.collections.name" value="commons-collections"/>
    <property name="commons.beanutils.name" value="commons-beanutils"/>
    <property name="commons.digester.name" value="commons-digester"/>

    <property name="external.dir" value="${dependency.base.dir}/source"/>


    <target name="update" description="Download project dependencies">

        <if>
            <not>
                <isset property="build.source"/>
            </not>
            <then>
                <mkdir dir="${dependency.base.dir}/downloads"/>
                <mkdir dir="${dependency.jar.dir}"/>
            </then>
        </if>

        <!-- setup the proxy if necessary -->
        <if>
            <and>
                <length string="${http.proxy.host}" when="greater" length="0"/>
                <length string="${http.proxy.port}" when="greater" length="0"/>
            </and>
            <then>
                <setproxy proxyhost="${http.proxy.host}"
                          proxyport="${http.proxy.port}"/>
            </then>
        </if>

        <!-- JUNIT -->
        <if>
            <and>
            <not>
                <available file="${junit.jar}" property="ignored"/>
            </not>
                <not>
                    <isset property="build.source"/>
                </not>
            </and>
            <then>
                <get src="${java.net.maven2}/junit/junit/${junit.version}/junit-${junit.version}.jar"
                     dest="${junit.jar}"
                     usetimestamp="true"/>
            </then>
        </if>

        <!-- HTMLUNIT -->
        <!--
        This one needs a ton of extras, so we have to do this one like this or
        add a bunch more deps.  Maybe another day... :)
        -->
        <if>
            <and>
                <not>
                    <available file="${htmlunit.home}" property="ignored"/>
                </not>
                <not>
                    <isset property="build.source"/>
                </not>
            </and>
            <then>
                <get src="http://downloads.sourceforge.net/htmlunit/htmlunit-${htmlunit.version}.zip"
                     dest="${dependency.base.dir}/downloads/htmlunit-${htmlunit.version}.zip"
                     usetimestamp="true"/>
                <unzip
                        src="${dependency.base.dir}/downloads/htmlunit-${htmlunit.version}.zip"
                        dest="${dependency.base.dir}"/>
            </then>
        </if>

        <!-- YUI Compressor -->
        <if>
            <and>
                <not>
                    <available file="${yuicompressor.home}" property="ignored"/>
                </not>
                <not>
                    <isset property="build.source"/>
                </not>
            </and>
            <then>
                <get src="http://www.julienlecomte.net/yuicompressor/yuicompressor-${yuicompressor.version}.zip"
                     dest="${dependency.base.dir}/downloads/yuicompressor-${yuicompressor.version}.zip"
                     usetimestamp="true"/>
                <unzip
                        src="${dependency.base.dir}/downloads/yuicompressor-${yuicompressor.version}.zip"
                        dest="${dependency.base.dir}"/>
                <copy tofile="${yuicompressor.jar}"
                      file="${yuicompressor.home}/build/yuicompressor-${yuicompressor.version}.jar"/>
            </then>
        </if>

        <!-- CACTUS -->
        <!-- Is this not in a maven repo somewhere? -->
        <if>
            <and>
                <not>
                    <available file="${cactus.home}" property="ignored"/>
                </not>
                <not>
                    <isset property="build.source"/>
                </not>
            </and>
            <then>
                <get src="http://archive.apache.org/dist/jakarta/cactus/binaries/jakarta-cactus-${cactus.version}.zip"
                     dest="${dependency.base.dir}/downloads/jakarta-cactus-${cactus.version}.zip"
                     usetimestamp="true"/>
                <unzip
                        src="${dependency.base.dir}/downloads/jakarta-cactus-${cactus.version}.zip"
                        dest="${dependency.base.dir}"/>
            </then>
        </if>

        <!-- TAGLIBDOC -->
        <if>
            <and>
            <not>
                <available file="${tlddoc.jar}" property="ignored"/>
            </not>
                <not>
                    <isset property="build.source"/>
                </not>
            </and>
            <then>
                <get src="${maven2.mirror}/taglibrarydoc/tlddoc/${taglibdoc.version}/tlddoc-${taglibdoc.version}.jar"
                     dest="${tlddoc.jar}"
                     usetimestamp="true"/>

            </then>
        </if>

        <!-- JSDOC -->
        <if>
            <and>
                <not>
                    <available file="${jsdoc.home}" property="ignored"/>
                </not>
                <not>
                    <isset property="build.source"/>
                </not>
            </and>
            <then>
                <get src="http://jsdoc-toolkit.googlecode.com/files/jsdoc_toolkit-${jsdoc.version}.zip"
                     dest="${dependency.base.dir}/downloads/jsdoc_toolkit-${jsdoc.version}.zip"
                     usetimestamp="true"/>
                <unzip
                        src="${dependency.base.dir}/downloads/jsdoc_toolkit-${jsdoc.version}.zip"
                        dest="${dependency.base.dir}"/>
            </then>
        </if>


        <!-- MAVEN REPOSITORY IMPORTER -->
        <if>
            <and>
                <not>
                    <available file="${maven.repository.importer.jar}" property="ignored"/>
                </not>
                <not>
                    <isset property="build.source"/>
                </not>
            </and>
            <then>
                <get src="${java.net.maven}/com.sun.wts.tools.mri/jars/maven-repository-importer-${maven.repository.importer.version}.jar"
                     dest="${maven.repository.importer.jar}"
                     usetimestamp="true"/>

            </then>
        </if>

        <!-- SERVLET API -->
        <if>
            <not>
                <available file="${servlet.jar}" property="ignored"/>
            </not>
            <then>
                <get src="${java.net.maven}/javax.servlet/jars/servlet-api-${servlet.api.version}.jar"
                     dest="${servlet.jar}"
                     usetimestamp="true"/>

            </then>
        </if>

        <if>
            <not>
                <available file="${servlet3.jar}" property="ignored"/>
            </not>
            <then>
                <get src="http://repo1.maven.org/maven2/org/mortbay/jetty/servlet-api/3.0.20100224/servlet-api-3.0.20100224.jar"
                     dest="${servlet3.jar}"
                     usetimestamp="true"/>

            </then>
        </if>


        <!-- JSP API -->
        <!--
        <if>
            <not>
                <available file="${jsp.jar}" property="ignored"/>
            </not>
            <then>
                <get src="${java.net.maven}/javax.servlet.jsp/jars/jsp-api-${jsp.api.version}.jar"
                     dest="${jsp.jar}"
                     usetimestamp="true"/>

            </then>
        </if>
        -->
        <!-- EL API and IMPL -->
        <!--
        <if>
            <not>
                <available file="${el-api.jar}" property="ignored"/>
            </not>
            <then>
                <get src="${java.net.maven}/javax.el/jars/el-api-${el.version}.jar"
                     dest="${el-api.jar}"
                     usetimestamp="true"/>

            </then>
        </if>
        <if>
            <not>
                <available file="${el-impl.jar}" property="ignored"/>
            </not>
            <then>
                <get src="${java.net.maven}/el-impl/jars/el-impl-${el.version}.jar"
                     dest="${el-impl.jar}"
                     usetimestamp="true"/>

            </then>
        </if>
        -->
        <!-- JSTL API -->
        <!--
        <if>
            <not>
                <available file="${jstl.jar}" property="ignored"/>
            </not>
            <then>
                <get src="${java.net.maven}/jstl/jars/jstl-${jstl.api.version}.jar"
                     dest="${jstl.jar}"
                     usetimestamp="true"/>

            </then>
        </if>
       -->
        <!-- ANNOTATION API -->
        <!--
        <if>
            <not>
                <available file="${annotation.jar}" property="ignored"/>
            </not>
            <then>
                <get src="${java.net.maven}/javax.annotation/jars/jsr250-api-${annotation.api.version}.jar"
                     dest="${annotation.jar}"
                     usetimestamp="true"/>

            </then>
        </if>
        -->
        <!-- Portlet -->
        <!--
        <if>
            <not>
                <available file="${portlet.jar}" property="ignored"/>
            </not>
            <then>
                <get src="${maven2.mirror}/javax/portlet/portlet-api/${portlet.api.version}/portlet-api-${portlet.api.version}.jar"
                     dest="${portlet.jar}"
                     usetimestamp="true"/>
            </then>
        </if>
        -->
        <!-- Groovy -->
        <!--
        <if>
            <not>
                <available file="${groovy.jar}" property="ignored"/>
            </not>
            <then>
                <get src="${codehaus.maven}/org/codehaus/groovy/groovy-all/${groovy.version}/groovy-all-${groovy.version}.jar"
                     dest="${groovy.jar}"
                     usetimestamp="true"/>
            </then>
        </if>
        -->
        <!-- JSR 303 -->
        <!--
        <if>
            <not>
                <available file="${validation-api.jar}" property="ignored"/>
            </not>
            <then>
                <get src="${redhat.maven2}/javax/validation/validation-api/${validation.version}/validation-api-${validation.version}.jar"
                     dest="${validation-api.jar}"
                     usetimestamp="true"/>
            </then>
        </if>
        -->
        <!-- buid commons from source -->

        <!--  comment out source build download of sun commons

        <echo>starting commons and build.source ${build.source}</echo>
        <if>
            <equals arg1="${build.source}" arg2="true"/>
            <then>
                <echo>build from source</echo>
                <mkdir dir="${external.dir}"/>

                <exec executable="svn" dir="${external.dir}" failonerror="true">
                    <arg line="checkout"/>
                    <arg line="${commons.logging.url}"/>
                    <arg line="commons-logging"/>
                </exec>

                <exec executable="svn" dir="${external.dir}" failonerror="true">
                    <arg line="checkout"/>
                    <arg line="${commons.collections.url}"/>
                    <arg line="commons-collections"/>
                </exec>

                <exec executable="svn" dir="${external.dir}" failonerror="true">
                    <arg line="checkout"/>
                    <arg line="${commons.beanutils.url}"/>
                    <arg line="commons-beanutils"/>
                </exec>

                <exec executable="svn" dir="${external.dir}" failonerror="true">
                    <arg line="checkout"/>
                    <arg line="${commons.digester.url}"/>
                    <arg line="commons-digester"/>
                </exec>

                <ant antfile="${external.dir}/commons-logging/build.xml"
                     target="dist"
                     dir="${external.dir}/commons-logging"
                     inheritAll="false" />

                <ant antfile="${external.dir}/commons-collections/build.xml"
                     target="dist"
                     dir="${external.dir}/commons-collections"
                     inheritAll="false">
                    <property name="ant.build.javac.source" value="1.4"/>
                </ant>

                <ant antfile="${external.dir}/commons-beanutils/build.xml"
                     target="dist"
                     dir="${external.dir}/commons-beanutils"
                     inheritAll="false">
                    <property name="commons-collections.home"
                              value="${external.dir}/commons-collections/dist"/>
                    <property name="commons-collections.jar" value="${external.dir}/commons-collections/dist/commons-collections.jar"/>
                    <property name="commons-logging.home" value="${external.dir}/commons-logging/dist"/>
                    <property name="commons-logging.jar" value="${external.dir}/commons-logging/dist/commons-logging.jar"/>
                </ant>

                <ant antfile="${external.dir}/commons-digester/build.xml"
                     target="dist"
                     dir="${external.dir}/commons-digester"
                     inheritAll="false">
                    <property name="commons-collections.home"
                              value="${external.dir}/commons-collections/dist"/>
                    <property name="commons-collections.jar" value="${external.dir}/commons-collections/dist/commons-collections.jar"/>
                    <property name="commons-logging.home" value="${external.dir}/commons-logging/dist"/>
                    <property name="commons-logging.jar" value="${external.dir}/commons-logging/dist/commons-logging.jar"/>
                    <property name="commons-beanutils.home" value="${external.dir}/commons-beanutils/dist"/>
                    <property name="commons-beanutils.jar" value="${external.dir}/commons-beanutils/dist/commons-beanutils.jar"/>
                </ant>
                <copy file="${external.dir}/commons-logging/dist/commons-logging.jar" tofile="${commons.logging.jar}"/>
                <copy file="${external.dir}/commons-collections/dist/commons-collections.jar" tofile="${commons.collections.jar}"/>
                <copy file="${external.dir}/commons-beanutils/dist/commons-beanutils.jar" tofile="${commons.beanutils.jar}"/>
                <copy file="${external.dir}/commons-digester/dist/commons-digester.jar" tofile="${commons.digester.jar}"/>

            </then>
            <else>
            -->

                <!-- BEANUTILS -->
                <!--
                <if>
                    <not>
                        <available file="${commons-beanutils.jar}" property="ignored"/>
                    </not>
                    <then>
                        <echo> get beanutils</echo>
                        <get src="http://repo1.maven.org/maven2/commons-beanutils/commons-beanutils/${beanutils.version}/commons-beanutils-${beanutils.version}.jar"
                             dest="${commons-beanutils.jar}"
                             usetimestamp="true"/>
                    </then>
                </if>
                -->
                <!-- DIGESTER -->
                <!--
                <if>
                    <not>
                        <available file="${commons-digester.jar}" property="ignored"/>
                    </not>
                    <then>
                        <get src="http://repo1.maven.org/maven2/commons-digester/commons-digester/${digester.version}/commons-digester-${digester.version}.jar"
                             dest="${commons-digester.jar}"
                             usetimestamp="true"/>
                    </then>
                </if>
                -->
                <!-- COLLECTIONS -->
                <!--
                <if>
                    <not>
                        <available file="${commons-collections.jar}" property="ignored"/>
                    </not>
                    <then>
                        <get src="http://repo1.maven.org/maven2/commons-collections/commons-collections/${collections.version}/commons-collections-${collections.version}.jar"
                             dest="${commons-collections.jar}"
                             usetimestamp="true"/>
                    </then>
                </if>
                -->
                <!-- LOGGING_API -->
                <!--
                <if>
                    <not>
                        <available file="${commons-logging.jar}" property="ignored"/>
                    </not>
                    <then>
                        <get src="http://repo1.maven.org/maven2/commons-logging/commons-logging/${logging.version}/commons-logging-${logging.version}.jar"
                             dest="${commons-logging.jar}"
                             usetimestamp="true"/>
                    </then>
                </if>
                -->
        <!-- comment out source build of sun commons
            </else>
        </if>
        -->
    </target>


    <property name="glassfish.home"
              value="${dependency.base.dir}/glassfish"/>
    <property name="tomcat6.home"
              value="${dependency.base.dir}/apache-tomcat-6.0.13"/>
    <property name="glassfish.jar"
              value="${dependency.base.dir}/glassfish/lib/appserv-rt.jar"/>
    <property name="tomcat6.jar"
              value="${tomcat6.home}/lib/catalina.jar"/>
    <property name="jetty.version.dir" value="6.1.19"/>
    <property name="jetty.version" value="6.1.19"/>
    <property name="jetty.home"
              value="${dependency.base.dir}/jetty-${jetty.version}"/>
    <property name="jetty.jar"
              value="${jetty.home}/lib/jetty-${jetty.version}.jar" />
    <property name="jetty.util.jar"
              value="${jetty.home}/lib/jetty-util-${jetty.version}.jar" />
    <property name="jetty.annotations.jar"
              value="${jetty.home}/lib/annotations/jetty-annotations-${jetty.version}.jar"/>
    <property name="jetty.plus.jar"
              value="${jetty.home}/lib/plus/jetty-plus-${jetty.version}.jar"/>
    <target name="update.containers"
            description="Downloads containers necessary for building implementation specific additions"
            depends="detect.os">


        <if>
            <not>
                <isset property="build.source"/>
            </not>
        <then>
        <if>
            <not>
                <available file="${dependency.base.dir}/${glassfish.installer.jar}${fl.os}.jar" property="ignored"/>
            </not>
            <then>
                <!-- The jar is not available, so delete ant dependencies/glassfish dir that may exist and "run" the new jar -->
                <echo>
                    The current GlassFish installer jar was not found, so we are deleting any
                    existing GlassFish installation in the Mojarra tree. We will download the
                    current version, extract and configure it inside the tree. This will not
                    affect any glassfish.home pointing to a GlassFish installation outside the
                    Mojarra tree.
                </echo>
                <delete dir="${dependency.base.dir}/glassfish"/>
                <get src="${glassfish.download.url}/${dl.os}/${glassfish.installer.jar}${fl.os}.jar"
                     dest="${dependency.base.dir}/${glassfish.installer.jar}${fl.os}.jar"
                     usetimestamp="true"/>
            </then>
        </if>

        <if>
            <not>
                <available file="${dependency.base.dir}/glassfish" property="ignored"/>
            </not>
            <then>
                <echo file="${dependency.base.dir}/install.bat">
                    <![CDATA[
echo a > input
java -Xmx256m -jar ${dependency.base.dir}/${glassfish.installer.jar}${fl.os}.jar -console < ./input
]]>
                </echo>
                <chmod file="${dependency.base.dir}/install.bat" perm="700"/>
                <exec executable="${dependency.base.dir}/install.bat" dir="${dependency.base.dir}"/>
                <delete file="${dependency.base.dir}/install.bat"/>
                <delete file="${dependency.base.dir}/input"/>
                <ant antfile="${dependency.base.dir}/glassfish/setup.xml" dir="${dependency.base.dir}/glassfish"
                     target="setup"/>
            </then>
        </if>

        <if>
            <not>
                <available file="${dependency.base.dir}/apache-tomcat-6.0.13.zip"
                           property="ignored"/>
            </not>
            <then>
                <get src="http://archive.apache.org/dist/tomcat/tomcat-6/v6.0.13/bin/apache-tomcat-6.0.13.zip"
                     dest="${dependency.base.dir}/apache-tomcat-6.0.13.zip"
                     usetimestamp="true"/>
                <unzip
                        src="${dependency.base.dir}/apache-tomcat-6.0.13.zip"
                        dest="${dependency.base.dir}"/>
            </then>
        </if>
        <if>
            <not>
                <available file="${dependency.base.dir}/jetty-${jetty.version}.zip" property="ignored"/>
            </not>
            <then>
                <get src="http://dist.codehaus.org/jetty/jetty-${jetty.version.dir}/jetty-${jetty.version}.zip"
                     dest="${dependency.base.dir}/jetty-${jetty.version}.zip"
                     usetimestamp="true"/>
                <unzip
                        src="${dependency.base.dir}/jetty-${jetty.version}.zip"
                        dest="${dependency.base.dir}"/>
            </then>
        </if>
        </then>
        </if>
    </target>

    <target name="detect.os">
        <condition property="dl.os" value="SunOS">
            <and>
                <os name="SunOS"/>
                <os arch="sparc"/>
            </and>
        </condition>
        <condition property="dl.os" value="SunOS_X86">
            <and>
                <os name="SunOS"/>
                <os arch="x86"/>
            </and>
        </condition>
        <condition property="dl.os" value="WINNT">
            <os family="winnt"/>
        </condition>
        <condition property="dl.os" value="Darwin">
            <os name="Mac OS X"/>
        </condition>
        <condition property="dl.os" value="Linux">
            <and>
                <os family="unix"/>
                <not>
                    <os name="SunOS"/>
                </not>
                <not>
                    <os name="Max OS X"/>
                </not>
            </and>
        </condition>
        <condition property="fl.os" value="sunos">
            <and>
                <os name="SunOS"/>
                <os arch="sparc"/>
            </and>
        </condition>
        <condition property="fl.os" value="sunos_x86">
            <and>
                <os name="SunOS"/>
                <os arch="x86"/>
            </and>
        </condition>
        <condition property="fl.os" value="windows">
            <os family="winnt"/>
        </condition>
        <condition property="fl.os" value="darwin">
            <os name="Mac OS X"/>
        </condition>
        <condition property="fl.os" value="linux">
            <and>
                <os family="unix"/>
                <not>
                    <os name="SunOS"/>
                </not>
                <not>
                    <os name="Max OS X"/>
                </not>
            </and>
        </condition>

    </target>

</project>
